{
   "default":{

   },
   "robot":{
      "height":68.0,
      "width":70.0,
      "length":80.0,
      "shooter":{
         "x":0.0,
         "y":0.0,
         "z":55.0
      },
      "camera_1":{
         "x":0.0,
         "y":0.0,
         "z":0.0
      }
   },
   "field":{
      "width":821.0,
      "length":1598.0,
      "ball":{
         "radius":9.0
      },
      "inner_port":{
         "x":873.0,
         "y":0.0,
         "z":249.5,
         "radius":16.5
      },
      "outer_port":{
         "x":799.0,
         "y":0.0,
         "z":249.5,
         "radius":38.0
      },
      "bottom_port":{
         "x":799.0,
         "y":0
      },
      "outer_port_outline":
         [[-437.89, 0.0, 0.0],
            [-219.395, -380.0, 0.0],
            [219.395, -380.0, 0.0],
            [438.79, 0.0, 0.0]
         ]

   },
   "logitech_c922":{
      "PORT": 2,
      "FPS":30.0,
      "FRAME_WIDTH":640,
      "FRAME_HEIGHT":480,
      "EXPOSURE": 0.01,
      "BRIGHTNESS": 3,
      "calibration_matrix":
      [[989.5689274500862, 0.0, 621.6749561947778],
      [0.0, 991.3747399169226, 349.23508137519156],
      [0.0, 0.0, 1.0]],
      "dist_coeff": [0.10001193376964483, -0.057956886731444134,
                     -0.0003533551314810411, -0.0032062507042155564,
                     -0.4639371587334679]
   },
   "networking":{
      "ROS_IP":"",
      "RIO_IP":"10.22.30.2",
      "RIO_PORT":2230,
      "BUFFER_SIZE":1,
      "rate": 10
   }
}